Descripción del artículo;Medida;Stock
ONYX 145/70 R12 69T NY-801;145/70 R12;Hay Stock
ROYALBLACK 145/70 R12 69T ROYALMILE;145/70 R12;Hay Stock
ONYX 145/80 R12 74T NY-801;145/80 R12;Hay Stock
TRACMAX 145/80 R12 74T TX5;145/80 R12;Consultar
ONYX 155/70 R12 73T NY-806;155/70 R12;No hay stock
ROYALBLACK 155/70 R12 73T ROYALMILE;155/70 R12;Hay Stock
TRACMAX 155/70 R12 73T TX5;155/70 R12;Consultar
TRACMAX 155/80 R12 77T TX5;155/80 R12;Hay Stock
ONYX 155 R12C 8T 88/86Q NY-05;155 R12;No hay stock
ONYX 155 R12C 8T 88/86Q NY-20;155 R12;Hay Stock
TRACMAX 155 R12C 8T 88/86N RF08;155 R12;Hay Stock
TRACMAX 165/70 R12 77T TX5;165/70 R12;Hay Stock
ONYX 145/70 R13 71T NY-801;145/70 R13;No hay stock
TRACMAX 145/70 R13 71T TX5;145/70 R13;Hay Stock
ROYALBLACK 145/70 R13 71T ROYALMILE;145/70 R13;Hay Stock
ONYX 155/65 R13 73T NY-801;155/65 R13;Consultar
ONYX 155/65 R13 73T NY-806;155/65 R13;Hay Stock
ROYALBLACK 155/65 R13 73T ROYALMILE;155/65 R13;Hay Stock
TRACMAX 155/65 R13 73T TX5;155/65 R13;Hay Stock
ONYX 155/70 R13 75T NY-806;155/70 R13;Hay Stock
ROYALBLACK 155/70 R13 75T ROYALMILE;155/70 R13;Hay Stock
TRACMAX 155/70 R13 75T TX5;155/70 R13;Hay Stock
ONYX 155/80 R13 79T NY-801;155/80 R13;Consultar
ONYX 155/80 R13 79T NY-806;155/80 R13;Hay Stock
TRACMAX 155/80 R13 79T TX5;155/80 R13;Hay Stock
ONYX 155 R13C 8T 90/88Q NY-06;155 R13;Hay Stock
ROYALBLACK 155 R13C 90/88R ROYALCOMMERCIAL;155 R13C;Hay Stock
ONYX 165/65 R13 77T NY-806;165/65 R13;Hay Stock
ROYALBLACK 165/65 R13 77T ROYALMILE;165/65 R13;Hay Stock
TRACMAX 165/65 R13 77T TX5;165/65 R13;Consultar
ONYX 165/65 R13 77T NY-801;165/65 R13;Consultar
ONYX 165/70 R13 79T NY-806;165/70 R13;Hay Stock
ROYALBLACK 165/70 R13 73T ROYALMILE;165/70 R13;Hay Stock
TRACMAX 165/70 R13 79T TX5;165/70 R13;Hay Stock
TRACMAX 175/60 R13 77H TX5;175/60 R13;Consultar
ONYX 175/70 R13 82T NY-806;175/70 R13;Hay Stock
ROYALBLACK 175/70 R13 82T ROYALMILE;175/70 R13;Hay Stock
TRACMAX 175/70 R13 82T TX5;175/70 R13;Hay Stock
ONYX 185/70 R13 86H NY-806;185/70 R13;Hay Stock
ROYALBLACK 185/70 R13 86T ROYALMILE;185/70 R13;Hay Stock
ROYALBLACK 155/65 R14 75H ROYALMILE;155/65 R14;Hay Stock
TRACMAX 155/65 R14 75T TX5;155/65 R14;Hay Stock
ONYX 155/65 R14  75T NY-806;155/65 R14;Hay Stock
ONYX 165/60 R14 75H NY-806;165/60 R14;Hay Stock
ROYALBLACK 165/60 R14 75H ROYALMILE;165/60 R14;Hay Stock
TRACMAX 165/60 R14 75H TX5;165/60 R14;Hay Stock
ONYX 165/65 R14 79T NY-806;165/65 R14;Hay Stock
ROYALBLACK 165/65 R14 79T ROYALMILE;165/65 R14;Hay Stock
TRACMAX 165/65 R14 79T TX5;165/65 R14;Hay Stock
ONYX 165/70 R14 81T NY-806;165/70 R14;Hay Stock
ONYX 165/70 R14C 6T 89/87R NY-06;165/70 R14;Hay Stock
ROYALBLACK 165/70 R14 81H ROYALMILE;165/70 R14;Consultar
TRACMAX 165/70 R14 81T TX5;165/70 R14;Hay Stock
ONYX 165/80 R14 85T NY-801;165/80 R14;Hay Stock
ONYX 175/60 R14 79H NY-801;175/60 R14;Consultar
ONYX 175/60 R14 79H NY-806;175/60 R14;No hay stock
TRACMAX 175/60 R14 79H TX5;175/60 R14;Hay Stock
ONYX 175/65 R14 82T NY-806;175/65 R14;Hay Stock
ROYALBLACK 175/65 R14 82T ROYALMILE;175/65 R14;Hay Stock
TRACMAX 175/65 R14 82H TX5;175/65 R14;Hay Stock
ONYX 175/65 R14C 6T 90/88R NY-06;175/65 R14;Hay Stock
ONYX 175/70 R14 84T NY-801;175/70 R14;No hay stock
ONYX 175/70 R14 84T NY-806;175/70 R14;Hay Stock
ONYX 175/70 R14 LT 6T 95/93S NY-06;175/70 R14;Hay Stock
ROYALBLACK 175/70 R14 84T ROYALMILE;175/70 R14;Hay Stock
TRACMAX 175/70 R14 84T TX5;175/70 R14;Hay Stock
ONYX 175 R14C 8T 99/98R NY-06;175 R14;Hay Stock
ONYX 185/60 R14 82H NY-806;185/60 R14;Consultar
TRACMAX 185/60 R14 82H TX5;185/60 R14;Hay Stock
ROYALBLACK 185/60 R14 82H ROYALMILE;185/60 R14;Hay Stock
ONYX 185/65 R14 86H NY-806;185/65 R14;Consultar
ROYALBLACK 185/65 R14 86H ROYALMILE;185/65 R14;Hay Stock
TRACMAX 185/65 R14 86H TX5;185/65 R14;Hay Stock
ONYX 185/70 R14 88H NY-806;185/70 R14;Consultar
ROYALBLACK 185/70 R14 88H ROYALMILE;185/70 R14;Hay Stock
TRACMAX 185/70 R14 88T TX5;185/70 R14;Hay Stock
ONYX 185 R14C 8T 102/100R NY-20;185 R14;Hay Stock
TRACMAX 195/60 R14 86H TX5;195/60 R14;Hay Stock
ONYX 195/70 R14 91H NY-801;195/70 R14;Consultar
ONYX 195/70 R14 91H NY-806;195/70 R14;Hay Stock
TRACMAX 195/70 R14 91T TX5;195/70 R14;Hay Stock
ONYX 195 R14C 8T 106/104R NY-20;195 R14;Hay Stock
TRACMAX 195 R14C 106/104Q RF09;195 R14C;Hay Stock
ROYALBLACK 195 R14C 106/104R ROYALCOMMERCIAL;195 R14C;Hay Stock
TRACMAX 205/70 R14 95T TX5;205/70 R14;Hay Stock
ROYALBLACK 205/70 R14 95H ROYALMILE;205/70 R14;Hay Stock
TRACMAX 165/60 R15 81T XL TX5;165/60 R15;Consultar
TRACMAX 165/65 R15 81T TX5;165/65 R15;Hay Stock
TRACMAX 175/55 R15 77T TX5;175/55 R15;No hay stock
ROYALBLACK 175/55 R15 77H ROYALMILE;175/55 R15;Consultar
ONYX 175/60 R15 81H NY-801;175/60 R15;No hay stock
ROYALBLACK 175/60 R15 81H ROYALMILE;175/60 R15;Consultar
TRACMAX 175/60 R15 81V TX5;175/60 R15;Hay Stock
ONYX 175/65 R15 84H NY-801;175/65 R15;Consultar
TRACMAX 175/65 R15 84H TX5;175/65 R15;Hay Stock
ROYALBLACK 175/65 R15 84H ROYALMILE;175/65 R15;Hay Stock
ONYX 185/55 R15 82V NY-801;185/55 R15;Consultar
ROYALBLACK 185/55 R15 82V  ROYALMILE;185/55 R15;Hay Stock
TRACMAX 185/55 R15 82V TX5;185/55 R15;No hay stock
ONYX 185/60 R15 84H NY-806;185/60 R15;Hay Stock
ROYALBLACK 185/60 R15 84H ROYALMILE;185/60 R15;Hay Stock
TRACMAX 185/60 R15 84H TX5;185/60 R15;Hay Stock
ONYX 185/65 R15 88H NY-806;185/65 R15;Hay Stock
ROYALBLACK 185/65 R15 88H ROYALMILE;185/65 R15;Hay Stock
TRACMAX 185/65 R15 88H TX5;185/65 R15;Hay Stock
ONYX 185 R15C 8T 103/102R NY-05;185 R15;Hay Stock
ONYX 195/50 R15 82V NY-801;195/50 R15;No hay stock
TRACMAX 195/50 R15 82V TX5;195/50 R15;Hay Stock
ROYALBLACK 195/50 R15 82V ROYALMILE;195/50 R15;Hay Stock
ONYX 195/55 R15 85V NY-806;195/55 R15;Consultar
ROYALBLACK 195/55 R15 85V ROYALMILE;195/55 R15;Hay Stock
TRACMAX 195/55 R15 85V TX5;195/55 R15;Hay Stock
ONYX 195/60 R15 88H NY-806;195/60 R15;Hay Stock
ROYALBLACK 195/60 R15 88H ROYALMILE;195/60 R15;Hay Stock
TRACMAX 195/60 R15 88H TX5;195/60 R15;Hay Stock
ONYX 195/65 R15 91H NY-806;195/65 R15;Hay Stock
ROYALBLACK 195/65 R15 91H ROYALMILE;195/65 R15;Hay Stock
TRACMAX 195/65 R15 91V TX5;195/65 R15;Hay Stock
ONYX 195/70 R15C 8T 104/102R NY-20;195/70 R15;Hay Stock
TRACMAX 195/70 R15C 104/102R RF09;195/70 R15C;Hay Stock
ONYX 195/70 R15C 8T 104/102R NY-06;195/70 R15;Consultar
ONYX 195 R15C 8T 106/104R NY-05;195 R15;No hay stock
ONYX 195 R15C 8T 106/104R NY-20;195 R15;Hay Stock
TRACMAX 195 R15C 106/104R RF09;195 R15C;Hay Stock
ONYX 205/60 R15 91H NY-806;205/60 R15;Hay Stock
TRACMAX 205/60 R15 91V TX5;205/60 R15;Hay Stock
ROYALBLACK 205/60 R15 91V ROYALMILE;205/60 R15;Hay Stock
ONYX 205/65 R15 94H NY-806;205/65 R15;Consultar
ONYX 205/65 R15 94V NY-801;205/65 R15;Consultar
ROYALBLACK 205/65 R15 94H ROYALMILE;205/65 R15;Hay Stock
TRACMAX 205/65 R15 94H TX5;205/65 R15;Hay Stock
ONYX 205/70 R15 96H NY-801;205/70 R15;No hay stock
ONYX 205/70 R15C 8T 106/104R NY-06;205/70 R15;No hay stock
ONYX 205/70 R15C 8T 106/104R NY-20;205/70 R15;Consultar
TRACMAX 205/70 R15 96T TX5;205/70 R15;Hay Stock
ROYALBLACK 205/70 R15 96H ROYALMILE;205/70 R15;Consultar
TRACMAX 205/70 R15C 106/104R RF09;205/70 R15C;Hay Stock
TRACMAX 215/65 R15 96H X-PRIVILO TX5;215/65 R15;Hay Stock
ONYX 215/70 R15C 8T 109/107R NY-20;215/70 R15;Hay Stock
ONYX 215/75 R15 100S NY-A/T187;215/75 R15;Hay Stock
ONYX 225/70 R15C 8T 112/110R NY-20;225/70 R15;Hay Stock
ONYX 235/75 R15 109SXL NY-A/T187;235/75 R15;Hay Stock
TRACMAX 235/75 R15 109T XL X-PRIVILO A/T RF11;235/75 R15;No hay stock
TRACMAX 235/75 R15 109T XL X-PRIVILO A/T 01;235/75 R15;Hay Stock
TRACMAX 255/70 R15C 112/110S X-PRIVILO A/T 01;255/70 R15C;Consultar
TRACMAX 265/70 R15 112H X-PRIVILO A/T 01;265/70 R15;Hay Stock
ONYX 31X10.50 R15 109R NY-A/T187;31X10.50 R15;Hay Stock
ONYX 185/55 R16 83V NY-901;185/55 R16;No hay stock
TRACMAX 185/55 R16 83V TX5;185/55 R16;Hay Stock
TRACMAX 195/50 R16 82V TX5;195/50 R16;Consultar
ROYALBLACK 195/50 R16 88V XL ROYALMILE;195/50 R16;Consultar
ONYX 195/55 R16 91V NY-806;195/55 R16;Hay Stock
ROYALBLACK 195/55 R16 87V ROYALMILE;195/55 R16;Hay Stock
TRACMAX 195/55 R16 87V TX5;195/55 R16;Hay Stock
ONYX 195/60 R16 89H NY-801;195/60 R16;Consultar
ROYALBLACK 195/60 R16C 99/97H ROYAL VAN A/S;195/60 R16C;Hay Stock
TRACMAX 195/60 R16 89H TX5;195/60 R16;Hay Stock
TRACMAX 195/60 R16 99/97GH TRANSPORTER RF09;195/60 R16C;No hay stock
ROYALBLACK 195/60 R16C 89H ROYALMILE;195/60 R16C;No hay stock
ONYX 195/75 R16C 8T 107/105R NY-06;195/75 R16;Consultar
ONYX 195/75 R16C 8T 107/105R NY-20;195/75 R16;Hay Stock
ONYX 205/55 R16 91V NY-806;205/55 R16;No hay stock
ROYALBLACK 205/55 R16 91V ROYALMILE;205/55 R16;Hay Stock
TRACMAX 205/55 R16 91V TX5;205/55 R16;Consultar
ONYX 205/60 R16 92V NY-801;205/60 R16;Consultar
ONYX 205/60 R16 92H NY-806;205/60 R16;Hay Stock
ROYALBLACK 205/60 R16 92V ROYALMILE;205/60 R16;Hay Stock
TRACMAX 205/60 R16 92V TX5;205/60 R16;Hay Stock
TRACMAX 205/65 R16 95H TX5;205/65 R16;Consultar
TRACMAX 205/65 R16C 107/105T RF09;205/65 R16C;Consultar
ONYX 205/75 R16C 8T 110/108R NY-20;205/75 R16;Hay Stock
TRACMAX 205/85 R16 117/115L Transp.RF16;205/85 R16;Consultar
ROYALBLACK 205 R16C 110/108S ROYAL A/T;205 R16C;Consultar
ONYX 215/55 R16 97V XL NY-801;215/55 R16;No hay stock
TRACMAX 215/55 R16 97W TX5;215/55 R16;Hay Stock
ONYX 215/60 R16 95V NY-801;215/60 R16;No hay stock
ONYX 215/60 R16 95V NY-806;215/60 R16;Hay Stock
TRACMAX 215/60 R16 95V TX5;215/60 R16;No hay stock
ONYX 215/65 R16 98H NY-H/T187;215/65 R16;Hay Stock
ONYX 215/65 R16C 8T 109/107T NY-06;215/65 R16;Hay Stock
ROYALBLACK 215/65 R16 98H ROYALMILE;215/65 R16;Hay Stock
ONYX 215/70 R16 100H NY-H/T187;215/70 R16;Consultar
ROYALBLACK 215/70 R16C 6T 108/106R ROYAL/COMERC.;215/70 R16C;Hay Stock
ONYX 215/75 R16C 10T 116/114R NY-06;215/75 R16;Consultar
TRACMAX 215/75 R16C 113/111R RF09;215/75 R16C;Hay Stock
ONYX 215/85 R16 10T 115/112R  NY-H/T187 (7.00 R16);215/85 R16;Consultar
ONYX 225/55 R16 99V NY-901;225/55 R16;Hay Stock
TRACMAX 225/55 R16 99V TX5;225/55 R16;Hay Stock
ONYX 225/65 R16C 8T 112/110T NY-06;225/65 R16;Hay Stock
TRACMAX 225/65 R16C 112/110T RF09;225/65 R16C;Hay Stock
ONYX 225/70 R16 103H NY-H/T187;225/70 R16;Hay Stock
ONYX 225/75 R16 LT 10T 115/112S NY-A/T187;225/75 R16;Hay Stock
ONYX 225/75 R16C 12T 121/120R NY-20;225/75 R16;Hay Stock
ONYX 225/75 R16C 12T 121/120R NY-AS687;225/75 R16C;No hay stock
ONYX 235/60 R16 100H NY-H/T187;235/60 R16;Hay Stock
ONYX 235/65 R16C 8T 115/113T NY-06;235/65 R16;Hay Stock
ONYX 235/70 R16 106T NY-A/T187;235/70 R16;Hay Stock
TRACMAX 235/70 R16 106T X-PRIVILO A/T RF11;235/70 R16;Consultar
TRACMAX 235/70 R16 106T X-PRIVILO A/T08;235/70 R16;No hay stock
ONYX 235/85 R16 10T 120/116R NY-H/T187 (7.50 R16);235/85 R16;No hay stock
ONYX 245/70 R16 107T NY-A/T187;245/70 R16;Hay Stock
ONYX 245/70 R16 111HT XL NY-H/T187;245/70 R16;Hay Stock
TRACMAX 245/70 R16 107T X-PRIVILO A/T RF11;245/70 R16;No hay stock
TRACMAX 245/75 R16 111T X-PRIVILO A/T RF11;245/75 R16;Consultar
ONYX 245/75 R16 111S NY-A/T187;245/75 R16;Hay Stock
ONYX 255/70 R16 111T NY-A/T187;255/70 R16;Hay Stock
ONYX 265/70 R16 112H NY-H/T187;265/70 R16;Consultar
ONYX 265/70 R16 112T NY-A/T187;265/70 R16;Hay Stock
TRACMAX 265/70 R16 112T X-PRIVILO A/T RF11;265/70 R16;Hay Stock
TRACMAX 265/75 R16 116T X-PRIVILO A/T RF11;265/75 R16;Hay Stock
ONYX 205/45 R17 88W NY-901;205/45 R17;Hay Stock
ONYX 205/50 R17 93W NY-901;205/50 R17;Consultar
TRACMAX 205/50 R17 93W TX3;205/50 R17;No hay stock
ONYX 205/55 R17 98W XL NY-901;205/55 R17;Consultar
ONYX 215/45 R17 91W NY-901;215/45 R17;Hay Stock
ONYX 215/50 R17 95W NY-901;215/50 R17;Hay Stock
ONYX 215/55 R17 98W NY-901;215/55 R17;Hay Stock
ONYX 215/60 R17 96H NY-H/P187;215/60 R17;No hay stock
TRACMAX 215/60 R17 100H X-PRIVILO H/T;215/60 R17;No hay stock
TRACMAX 215/65 R17 103V X-PRIVILO H/T;215/65 R17;Consultar
ONYX 225/45 R17 94W XL NY-901;225/45 R17;Hay Stock
TRACMAX 225/45 R17 94Y TX3;225/45 R17;Hay Stock
ONYX 225/50 R17 98W NY-901;225/50 R17;Hay Stock
ONYX 225/55 R17 101W NY-901;225/55 R17;Consultar
ONYX 225/60 R17 99H NY-H/T187;225/60 R17;Hay Stock
TRACMAX 225/60 R17 99H X-PRIVILO H/T;225/60 R17;Consultar
ONYX 225/65 R17 102H NY-H/T187;225/65 R17;Hay Stock
TRACMAX 225/65 R17 102H X-PRIVILO H/T;225/65 R17;Hay Stock
TRACMAX 235/60 R17 106H XL X-PRIVILO H/T;235/60 R17;Hay Stock
ONYX 235/65 R17 108H XL NY-H/T187;235/65 R17;Hay Stock
ONYX 245/65 R17 107T NY-A/T187;245/65 R17;Hay Stock
TRACMAX 255/65 R17 110T X-PRIVILO A/T 08;255/65 R17;No hay stock
ONYX 265/65 R17 112H NY-H/T187;265/65 R17;Hay Stock
ONYX 265/65 R17 112T NY-A/T187;265/65 R17;Hay Stock
TRACMAX 265/65 R17 112T X-PRIVILO A/T 08;265/65 R17;No hay stock
TRACMAX 265/65 R17 112T X-PRIVILO A/T RF11;265/65 R17;No hay stock
ONYX 265/70 R17 115T NY-A/T187;265/70 R17;Consultar
TRACMAX 265/70 R17 115T X-PRIVILO A/T 08;265/70 R17;Consultar
TRACMAX 215/55 R18 99V XL TX3;215/55 R18;Consultar
ONYX 225/55 R18 98V NY-H/P187;225/55 R18;Hay Stock
ONYX 225/60 R18 100V NY-H/P187;225/60 R18;Hay Stock
ONYX 235/60 R18 107V XL NY-H/P 187;235/60 R18;Consultar
TRACMAX 265/60 R18 110H X-PRIVILO H/T;265/60 R18;Hay Stock
ONYX 265/60 R18 110T NY-A/T 687;265/60 R18;No hay stock
ONYX 225/55 R19 99V NY-H/P187;225/55 R19;Hay Stock
TRACMAX 255/45 R20 105Y XL TX3;255/45 R20;Hay Stock
